공정,설비타입,설비코드,설비명,ERP I/F 여부,Work Center,가동현황,순간정지 발생,설비고장,Total,기종교체,기종교체(자동)(Count-가동),자재문제,작업준비,작업준비(자동)(Count-가동),품질문제,공정별특성유실,IDLE,Total,MTBI(분),순간정지시간(분),설비고장시간(분),Total(분),기종교체시간(분),기종교체(자동)시간(분),자재문제시간(분),작업준비시간(분),작업준비(자동)시간(분),품질문제시간(분),공정별특성유실시간(분),IDLETime(분),Total(분),MTBI2(분),CutoffDay
절단 대공정(MF),MF 확장 마운터기,E2100752,MFS02 - MF 확장 마운터기,POSSIBLE,MLCC020,1243.77,72,0,72,0,0,0,10,0,0,0,0,10,17.27,96.67,0,96.67,0,0,0,64.63,0,0,0,0,64.63,15.17,2022-01-01
절단 대공정(MF),MF 확장 마운터기,E2100752,MFS02 - MF 확장 마운터기,POSSIBLE,MLCC020,1286.5,75,0,75,0,0,0,6,0,0,0,0,6,17.15,96.82,0,96.82,0,0,0,23.17,0,0,0,0,23.17,15.88,2022-01-02
절단 대공정(MF),MF 확장 마운터기,E2100752,MFS02 - MF 확장 마운터기,POSSIBLE,MLCC020,1157.43,119,0,119,0,0,0,10,0,0,0,0,10,9.73,151,0,151,0,0,0,80.52,0,0,0,0,80.52,8.97,2022-01-03
절단 대공정(MF),MF 확장 마운터기,E2100752,MFS02 - MF 확장 마운터기,POSSIBLE,MLCC020,1246.02,30,0,30,0,0,0,9,0,0,0,0,9,41.53,83.67,0,83.67,0,0,0,53.67,0,0,0,0,53.67,31.95,2022-01-04
절단 대공정(MF),MF 확장 마운터기,E2100752,MFS02 - MF 확장 마운터기,POSSIBLE,MLCC020,1037.78,74,0,74,0,0,0,5,0,0,0,0,5,14.02,288.15,0,288.15,0,0,0,71.22,0,0,0,0,71.22,13.14,2022-01-05
절단 대공정(MF),MF 확장 마운터기,E2100752,MFS02 - MF 확장 마운터기,POSSIBLE,MLCC020,1196.68,99,0,99,0,0,0,10,0,0,0,0,10,12.09,108.03,0,108.03,0,0,0,65.63,0,0,0,0,65.63,10.98,2022-01-06
절단 대공정(MF),MF 확장 마운터기,E2100752,MFS02 - MF 확장 마운터기,POSSIBLE,MLCC020,1194.72,51,0,51,0,0,0,10,0,0,0,0,10,23.43,59.62,0,59.62,0,0,0,95.2,0,0,0,0,95.2,19.59,2022-01-07
절단 대공정(MF),MF 확장 마운터기,E2100752,MFS02 - MF 확장 마운터기,POSSIBLE,MLCC020,1236.53,73,0,73,0,0,0,5,0,0,0,0,5,16.94,108.25,0,108.25,0,0,0,34.93,0,0,0,0,34.93,15.85,2022-01-08
절단 대공정(MF),MF 확장 마운터기,E2100752,MFS02 - MF 확장 마운터기,POSSIBLE,MLCC020,1217.38,48,0,48,0,0,0,6,0,0,0,0,6,25.36,92.55,0,92.55,0,0,0,76.93,0,0,0,0,76.93,22.54,2022-01-09
절단 대공정(MF),MF 확장 마운터기,E2100752,MFS02 - MF 확장 마운터기,POSSIBLE,MLCC020,1270.6,45,0,45,0,0,0,11,0,0,0,0,11,28.24,67.52,0,67.52,0,0,0,75.45,0,0,0,0,75.45,22.69,2022-01-10
절단 대공정(MF),MF 확장 마운터기,E2100752,MFS02 - MF 확장 마운터기,POSSIBLE,MLCC020,1205.5,48,0,48,0,0,0,11,0,0,0,0,11,25.11,107.15,0,107.15,0,0,0,58.3,0,0,0,0,58.3,20.43,2022-01-11
절단 대공정(MF),MF 확장 마운터기,E2100752,MFS02 - MF 확장 마운터기,POSSIBLE,MLCC020,1227.75,25,0,25,0,0,0,8,0,0,0,0,8,49.11,52,0,52,0,0,0,87.5,0,0,0,0,87.5,37.2,2022-01-12
절단 대공정(MF),MF 확장 마운터기,E2100752,MFS02 - MF 확장 마운터기,POSSIBLE,MLCC020,1268.87,24,0,24,0,0,0,8,0,0,0,0,8,52.87,47.88,0,47.88,0,0,0,86.05,0,0,0,0,86.05,39.65,2022-01-13
절단 대공정(MF),MF 확장 마운터기,E2100752,MFS02 - MF 확장 마운터기,POSSIBLE,MLCC020,523.87,9,0,9,0,0,0,5,0,0,0,0,5,58.21,15.82,0,15.82,0,0,0,59.77,0,0,0,0,59.77,37.42,2022-01-14
절단 대공정(MF),MF 확장 마운터기,E2100752,MFS02 - MF 확장 마운터기,POSSIBLE,MLCC020,374.8,51,0,51,0,0,0,3,0,0,0,0,3,7.35,158.47,0,158.47,0,0,0,32.22,0,0,0,0,32.22,6.94,2022-01-15
절단 대공정(MF),MF 확장 마운터기,E2100752,MFS02 - MF 확장 마운터기,POSSIBLE,MLCC020,1213.7,81,0,81,0,0,0,8,0,0,0,0,8,14.98,138.85,0,138.85,0,0,0,76.13,0,0,0,0,76.13,13.64,2022-01-16
절단 대공정(MF),MF 확장 마운터기,E2100752,MFS02 - MF 확장 마운터기,POSSIBLE,MLCC020,1173.8,39,0,39,0,0,0,9,0,0,0,0,9,30.1,139.73,0,139.73,0,0,0,112.13,0,0,0,0,112.13,24.45,2022-01-17
절단 대공정(MF),MF 확장 마운터기,E2100752,MFS02 - MF 확장 마운터기,POSSIBLE,MLCC020,1285.05,32,0,32,0,0,0,10,0,0,0,0,10,40.16,32.43,0,32.43,0,0,0,77.97,0,0,0,0,77.97,30.6,2022-01-18
절단 대공정(MF),MF 확장 마운터기,E2100752,MFS02 - MF 확장 마운터기,POSSIBLE,MLCC020,1098.68,94,0,94,0,0,0,9,0,0,0,0,9,11.69,210.43,0,210.43,0,0,0,47.23,0,0,0,0,47.23,10.67,2022-01-19
절단 대공정(MF),MF 확장 마운터기,E2100752,MFS02 - MF 확장 마운터기,POSSIBLE,MLCC020,1020.63,77,0,77,0,0,0,11,0,0,0,0,11,13.25,148.28,0,148.28,0,0,0,91.63,0,0,0,0,91.63,11.6,2022-01-20
절단 대공정(MF),MF 확장 마운터기,E2100752,MFS02 - MF 확장 마운터기,POSSIBLE,MLCC020,1205.03,83,0,83,0,0,0,6,0,0,0,0,6,14.52,131.58,0,131.58,0,0,0,43.98,0,0,0,0,43.98,13.54,2022-01-21
절단 대공정(MF),MF 확장 마운터기,E2100752,MFS02 - MF 확장 마운터기,POSSIBLE,MLCC020,750.92,68,0,68,0,0,0,4,0,0,0,0,4,11.04,188.3,0,188.3,0,0,0,35.17,0,0,0,0,35.17,10.43,2022-01-22
절단 대공정(MF),MF 확장 마운터기,E2100752,MFS02 - MF 확장 마운터기,POSSIBLE,MLCC020,1058.78,97,0,97,0,0,0,9,0,0,0,0,9,10.92,233.15,0,233.15,0,0,0,104.97,0,0,0,0,104.97,9.99,2022-01-23
절단 대공정(MF),MF 확장 마운터기,E2100753,MFS03 - MF 확장 마운터기,POSSIBLE,MLCC020,1099.8,168,0,168,0,0,0,6,0,0,0,0,6,6.55,251.1,0,251.1,0,0,0,32.73,0,0,0,0,32.73,6.32,2022-01-01
절단 대공정(MF),MF 확장 마운터기,E2100753,MFS03 - MF 확장 마운터기,POSSIBLE,MLCC020,1089.15,204,0,204,0,0,0,9,0,0,0,0,9,5.34,225.93,0,225.93,0,0,0,45.53,0,0,0,0,45.53,5.11,2022-01-02
절단 대공정(MF),MF 확장 마운터기,E2100753,MFS03 - MF 확장 마운터기,POSSIBLE,MLCC020,1192.82,107,0,107,0,0,0,8,0,0,0,0,8,11.15,149.1,0,149.1,0,0,0,73.17,0,0,0,0,73.17,10.37,2022-01-03
절단 대공정(MF),MF 확장 마운터기,E2100753,MFS03 - MF 확장 마운터기,POSSIBLE,MLCC020,1027.72,140,0,140,0,0,0,5,0,0,0,0,5,7.34,310.23,0,310.23,0,0,0,26.82,0,0,0,0,26.82,7.09,2022-01-04
절단 대공정(MF),MF 확장 마운터기,E2100753,MFS03 - MF 확장 마운터기,POSSIBLE,MLCC020,1008.08,104,0,104,0,0,0,8,0,0,0,0,8,9.69,255.12,0,255.12,0,0,0,73.93,0,0,0,0,73.93,9,2022-01-05
절단 대공정(MF),MF 확장 마운터기,E2100753,MFS03 - MF 확장 마운터기,POSSIBLE,MLCC020,1076.78,127,0,127,0,0,0,6,0,0,0,0,6,8.48,167.52,0,167.52,0,0,0,83.82,0,0,0,0,83.82,8.1,2022-01-06
절단 대공정(MF),MF 확장 마운터기,E2100753,MFS03 - MF 확장 마운터기,POSSIBLE,MLCC020,1087.52,132,0,132,0,0,0,7,0,0,0,0,7,8.24,174.2,0,174.2,0,0,0,80.17,0,0,0,0,80.17,7.82,2022-01-07
절단 대공정(MF),MF 확장 마운터기,E2100753,MFS03 - MF 확장 마운터기,POSSIBLE,MLCC020,1186.27,92,0,92,0,0,0,7,0,0,0,0,7,12.89,140.23,0,140.23,0,0,0,44.5,0,0,0,0,44.5,11.98,2022-01-08
절단 대공정(MF),MF 확장 마운터기,E2100753,MFS03 - MF 확장 마운터기,POSSIBLE,MLCC020,1169.08,86,0,86,0,0,0,9,0,0,0,0,9,13.59,117.95,0,117.95,0,0,0,93.57,0,0,0,0,93.57,12.31,2022-01-09
절단 대공정(MF),MF 확장 마운터기,E2100753,MFS03 - MF 확장 마운터기,POSSIBLE,MLCC020,1136.1,115,0,115,0,0,0,10,0,0,0,0,10,9.88,145.9,0,145.9,0,0,0,127.32,0,0,0,0,127.32,9.09,2022-01-10
절단 대공정(MF),MF 확장 마운터기,E2100753,MFS03 - MF 확장 마운터기,POSSIBLE,MLCC020,1215.02,60,0,60,0,0,0,6,0,0,0,0,6,20.25,111.27,0,111.27,0,0,0,36.42,0,0,0,0,36.42,18.41,2022-01-11
절단 대공정(MF),MF 확장 마운터기,E2100753,MFS03 - MF 확장 마운터기,POSSIBLE,MLCC020,1049.6,154,0,154,0,0,0,7,0,0,0,0,7,6.82,210.73,0,210.73,0,0,0,79.5,0,0,0,0,79.5,6.52,2022-01-12
절단 대공정(MF),MF 확장 마운터기,E2100753,MFS03 - MF 확장 마운터기,POSSIBLE,MLCC020,675.33,38,0,38,0,0,0,5,0,0,0,0,5,17.77,90.63,0,90.63,0,0,0,30.37,0,0,0,0,30.37,15.71,2022-01-13
절단 대공정(MF),MF 확장 마운터기,E2100753,MFS03 - MF 확장 마운터기,POSSIBLE,MLCC020,403.3,17,0,17,0,0,0,2,0,0,0,1,3,23.72,23.37,0,23.37,0,0,0,630.38,0,0,0,3.02,633.4,20.17,2022-01-14
절단 대공정(MF),MF 확장 마운터기,E2100753,MFS03 - MF 확장 마운터기,POSSIBLE,MLCC020,968.73,123,0,123,0,0,0,11,0,0,0,0,11,7.88,239.75,0,239.75,0,0,0,85.03,0,0,0,0,85.03,7.23,2022-01-15
절단 대공정(MF),MF 확장 마운터기,E2100753,MFS03 - MF 확장 마운터기,POSSIBLE,MLCC020,1244.65,54,0,54,0,0,0,12,0,0,0,0,12,23.05,95.75,0,95.75,0,0,0,88.25,0,0,0,0,88.25,18.86,2022-01-16
절단 대공정(MF),MF 확장 마운터기,E2100753,MFS03 - MF 확장 마운터기,POSSIBLE,MLCC020,1154.35,48,0,48,0,0,0,12,0,0,0,0,12,24.05,163.63,0,163.63,0,0,0,85.23,0,0,0,0,85.23,19.24,2022-01-17
절단 대공정(MF),MF 확장 마운터기,E2100753,MFS03 - MF 확장 마운터기,POSSIBLE,MLCC020,1194.6,76,0,76,0,0,0,7,0,0,0,0,7,15.72,129.25,0,129.25,0,0,0,50.48,0,0,0,0,50.48,14.39,2022-01-18
절단 대공정(MF),MF 확장 마운터기,E2100753,MFS03 - MF 확장 마운터기,POSSIBLE,MLCC020,1141.92,69,0,69,0,0,0,11,0,0,0,0,11,16.55,126.43,0,126.43,0,0,0,118.8,0,0,0,0,118.8,14.27,2022-01-19
절단 대공정(MF),MF 확장 마운터기,E2100753,MFS03 - MF 확장 마운터기,POSSIBLE,MLCC020,1020.18,57,0,57,0,0,0,6,0,0,0,0,6,17.9,110.95,0,110.95,0,0,0,255.08,0,0,0,0,255.08,16.19,2022-01-20
절단 대공정(MF),MF 확장 마운터기,E2100753,MFS03 - MF 확장 마운터기,POSSIBLE,MLCC020,1259.93,37,0,37,0,0,0,8,0,0,0,0,8,34.05,52.78,0,52.78,0,0,0,63.38,0,0,0,0,63.38,28,2022-01-21
절단 대공정(MF),MF 확장 마운터기,E2100753,MFS03 - MF 확장 마운터기,POSSIBLE,MLCC020,823.88,30,0,30,0,0,0,6,0,0,0,0,6,27.46,100.2,0,100.2,0,0,0,39.83,0,0,0,0,39.83,22.89,2022-01-22
절단 대공정(MF),MF 확장 마운터기,E2100753,MFS03 - MF 확장 마운터기,POSSIBLE,MLCC020,1152.28,59,0,59,0,0,0,8,0,0,0,0,8,19.53,169.43,0,169.43,0,0,0,116.05,0,0,0,0,116.05,17.2,2022-01-23
절단 대공정(MF),MF 확장 마운터기,E2100754,MFS04 - MF 확장 마운터기,POSSIBLE,MLCC020,1175.23,60,0,60,0,0,0,10,0,0,0,0,10,19.59,148.97,0,148.97,0,0,0,74.58,0,0,0,0,74.58,16.79,2022-01-01
절단 대공정(MF),MF 확장 마운터기,E2100754,MFS04 - MF 확장 마운터기,POSSIBLE,MLCC020,1266.43,79,0,79,0,0,0,5,0,0,0,0,5,16.03,104.87,0,104.87,0,0,0,25.43,0,0,0,0,25.43,15.08,2022-01-02
절단 대공정(MF),MF 확장 마운터기,E2100754,MFS04 - MF 확장 마운터기,POSSIBLE,MLCC020,1287.77,35,0,35,0,0,0,8,0,0,0,0,8,36.79,62.37,0,62.37,0,0,0,41.62,0,0,0,0,41.62,29.95,2022-01-03
절단 대공정(MF),MF 확장 마운터기,E2100754,MFS04 - MF 확장 마운터기,POSSIBLE,MLCC020,1210.05,34,0,34,0,0,0,6,0,0,0,0,6,35.59,90.53,0,90.53,0,0,0,90.48,0,0,0,0,90.48,30.25,2022-01-04
절단 대공정(MF),MF 확장 마운터기,E2100754,MFS04 - MF 확장 마운터기,POSSIBLE,MLCC020,1211.8,53,0,53,0,0,0,7,0,0,0,0,7,22.86,134.15,0,134.15,0,0,0,41.7,0,0,0,0,41.7,20.2,2022-01-05
절단 대공정(MF),MF 확장 마운터기,E2100754,MFS04 - MF 확장 마운터기,POSSIBLE,MLCC020,1291.97,43,0,43,0,0,0,6,0,0,0,0,6,30.05,66.62,0,66.62,0,0,0,39.98,0,0,0,0,39.98,26.37,2022-01-06
절단 대공정(MF),MF 확장 마운터기,E2100754,MFS04 - MF 확장 마운터기,POSSIBLE,MLCC020,1206.53,82,0,82,0,0,0,6,0,0,0,0,6,14.71,105.43,0,105.43,0,0,0,48.33,0,0,0,0,48.33,13.71,2022-01-07
절단 대공정(MF),MF 확장 마운터기,E2100754,MFS04 - MF 확장 마운터기,POSSIBLE,MLCC020,1196.82,83,0,83,0,0,0,12,0,0,0,0,12,14.42,116.45,0,116.45,0,0,0,55.75,0,0,0,0,55.75,12.6,2022-01-08
절단 대공정(MF),MF 확장 마운터기,E2100754,MFS04 - MF 확장 마운터기,POSSIBLE,MLCC020,1204.5,70,0,70,0,0,0,7,0,0,0,0,7,17.21,95.98,0,95.98,0,0,0,66.95,0,0,0,0,66.95,15.64,2022-01-09
절단 대공정(MF),MF 확장 마운터기,E2100754,MFS04 - MF 확장 마운터기,POSSIBLE,MLCC020,1191.42,105,0,105,0,0,0,6,0,0,0,0,6,11.35,177.35,0,177.35,0,0,0,56.75,0,0,0,0,56.75,10.73,2022-01-10
절단 대공정(MF),MF 확장 마운터기,E2100754,MFS04 - MF 확장 마운터기,POSSIBLE,MLCC020,1144.77,72,0,72,0,0,0,6,0,0,0,0,6,15.9,186.97,0,186.97,0,0,0,38.58,0,0,0,0,38.58,14.68,2022-01-11
절단 대공정(MF),MF 확장 마운터기,E2100754,MFS04 - MF 확장 마운터기,POSSIBLE,MLCC020,1238.95,44,0,44,0,0,0,8,0,0,0,0,8,28.16,51.23,0,51.23,0,0,0,104.13,0,0,0,0,104.13,23.83,2022-01-12
절단 대공정(MF),MF 확장 마운터기,E2100754,MFS04 - MF 확장 마운터기,POSSIBLE,MLCC020,1166.8,45,0,45,0,0,0,6,0,0,0,0,6,25.93,61.15,0,61.15,0,0,0,77.3,0,0,0,0,77.3,22.88,2022-01-13
절단 대공정(MF),MF 확장 마운터기,E2100754,MFS04 - MF 확장 마운터기,POSSIBLE,MLCC020,890.57,14,0,14,0,0,0,6,0,0,0,0,6,63.61,36.5,0,36.5,0,0,0,131.28,0,0,0,0,131.28,44.53,2022-01-14
절단 대공정(MF),MF 확장 마운터기,E2100754,MFS04 - MF 확장 마운터기,POSSIBLE,MLCC020,1101.2,113,0,113,0,0,0,10,0,0,0,0,10,9.75,221.8,0,221.8,0,0,0,75.97,0,0,0,0,75.97,8.95,2022-01-15
절단 대공정(MF),MF 확장 마운터기,E2100754,MFS04 - MF 확장 마운터기,POSSIBLE,MLCC020,1219.98,85,0,85,0,0,0,8,0,0,0,0,8,14.35,131.67,0,131.67,0,0,0,78.28,0,0,0,0,78.28,13.12,2022-01-16
절단 대공정(MF),MF 확장 마운터기,E2100754,MFS04 - MF 확장 마운터기,POSSIBLE,MLCC020,1141.8,45,0,45,0,0,0,11,0,0,0,1,12,25.37,128.93,0,128.93,0,0,0,153.87,0,0,0,3,156.87,20.03,2022-01-17
절단 대공정(MF),MF 확장 마운터기,E2100754,MFS04 - MF 확장 마운터기,POSSIBLE,MLCC020,1210.45,43,0,43,0,0,0,9,0,0,0,0,9,28.15,92.18,0,92.18,0,0,0,67.2,0,0,0,0,67.2,23.28,2022-01-18
절단 대공정(MF),MF 확장 마운터기,E2100754,MFS04 - MF 확장 마운터기,POSSIBLE,MLCC020,1089.45,97,0,97,0,0,0,6,0,0,0,0,6,11.23,249.42,0,249.42,0,0,0,41.32,0,0,0,0,41.32,10.58,2022-01-19
절단 대공정(MF),MF 확장 마운터기,E2100754,MFS04 - MF 확장 마운터기,POSSIBLE,MLCC020,1012.67,103,0,103,0,0,0,6,0,0,0,0,6,9.83,209.83,0,209.83,0,0,0,34.62,0,0,0,0,34.62,9.29,2022-01-20
절단 대공정(MF),MF 확장 마운터기,E2100754,MFS04 - MF 확장 마운터기,POSSIBLE,MLCC020,1158.97,142,0,142,0,0,0,8,0,0,0,0,8,8.16,164.83,0,164.83,0,0,0,51.57,0,0,0,0,51.57,7.73,2022-01-21
절단 대공정(MF),MF 확장 마운터기,E2100754,MFS04 - MF 확장 마운터기,POSSIBLE,MLCC020,695.7,45,0,45,0,0,0,5,0,0,0,0,5,15.46,105.4,0,105.4,0,0,0,62,0,0,0,0,62,13.91,2022-01-22
절단 대공정(MF),MF 확장 마운터기,E2100754,MFS04 - MF 확장 마운터기,POSSIBLE,MLCC020,1088.9,125,0,125,0,0,0,6,0,0,0,0,6,8.71,295.13,0,295.13,0,0,0,42.93,0,0,0,0,42.93,8.31,2022-01-23
절단 대공정(MF),MF 확장 마운터기,E2100755,MFS05 - MF 확장 마운터기,POSSIBLE,MLCC020,1239.22,67,0,67,0,0,0,7,0,0,0,0,7,18.5,104.35,0,104.35,0,0,0,61.17,0,0,0,0,61.17,16.75,2022-01-01
절단 대공정(MF),MF 확장 마운터기,E2100755,MFS05 - MF 확장 마운터기,POSSIBLE,MLCC020,1218.9,92,0,92,0,0,0,7,0,0,0,0,7,13.25,134.65,0,134.65,0,0,0,49.58,0,0,0,0,49.58,12.31,2022-01-02
절단 대공정(MF),MF 확장 마운터기,E2100755,MFS05 - MF 확장 마운터기,POSSIBLE,MLCC020,1181.03,95,0,95,0,0,0,8,0,0,0,0,8,12.43,148.92,0,148.92,0,0,0,98.47,0,0,0,0,98.47,11.47,2022-01-03
절단 대공정(MF),MF 확장 마운터기,E2100755,MFS05 - MF 확장 마운터기,POSSIBLE,MLCC020,1204.12,49,0,49,0,0,0,6,0,0,0,0,6,24.57,85.88,0,85.88,0,0,0,56.47,0,0,0,0,56.47,21.89,2022-01-04
절단 대공정(MF),MF 확장 마운터기,E2100755,MFS05 - MF 확장 마운터기,POSSIBLE,MLCC020,1149.3,90,0,90,0,0,0,7,0,0,0,0,7,12.77,174.2,0,174.2,0,0,0,57.02,0,0,0,0,57.02,11.85,2022-01-05
절단 대공정(MF),MF 확장 마운터기,E2100755,MFS05 - MF 확장 마운터기,POSSIBLE,MLCC020,1062.92,141,0,141,0,0,0,7,0,0,0,0,7,7.54,245.9,0,245.9,0,0,0,78.48,0,0,0,0,78.48,7.18,2022-01-06
절단 대공정(MF),MF 확장 마운터기,E2100755,MFS05 - MF 확장 마운터기,POSSIBLE,MLCC020,1107.83,91,0,91,0,0,0,7,0,0,0,0,7,12.17,138.48,0,138.48,0,0,0,87.5,0,0,0,0,87.5,11.3,2022-01-07
절단 대공정(MF),MF 확장 마운터기,E2100755,MFS05 - MF 확장 마운터기,POSSIBLE,MLCC020,1221.12,76,0,76,0,0,0,7,0,0,0,0,7,16.07,106.17,0,106.17,0,0,0,41.9,0,0,0,0,41.9,14.71,2022-01-08
절단 대공정(MF),MF 확장 마운터기,E2100755,MFS05 - MF 확장 마운터기,POSSIBLE,MLCC020,1196.23,52,0,52,0,0,0,10,0,0,0,0,10,23,52.3,0,52.3,0,0,0,88.02,0,0,0,0,88.02,19.29,2022-01-09
절단 대공정(MF),MF 확장 마운터기,E2100755,MFS05 - MF 확장 마운터기,POSSIBLE,MLCC020,1153.73,169,0,169,0,0,0,7,0,0,0,0,7,6.83,228.2,0,228.2,0,0,0,30.48,0,0,0,0,30.48,6.56,2022-01-10
절단 대공정(MF),MF 확장 마운터기,E2100755,MFS05 - MF 확장 마운터기,POSSIBLE,MLCC020,1153.88,88,0,88,0,0,0,7,0,0,0,0,7,13.11,167.07,0,167.07,0,0,0,53.88,0,0,0,0,53.88,12.15,2022-01-11
절단 대공정(MF),MF 확장 마운터기,E2100755,MFS05 - MF 확장 마운터기,POSSIBLE,MLCC020,1209.1,82,0,82,0,0,0,8,0,0,0,0,8,14.75,81.55,0,81.55,0,0,0,91.67,0,0,0,0,91.67,13.43,2022-01-12
절단 대공정(MF),MF 확장 마운터기,E2100755,MFS05 - MF 확장 마운터기,POSSIBLE,MLCC020,1176.43,96,0,96,0,0,0,7,0,0,0,0,7,12.25,150.45,0,150.45,0,0,0,50.72,0,0,0,0,50.72,11.42,2022-01-13
절단 대공정(MF),MF 확장 마운터기,E2100755,MFS05 - MF 확장 마운터기,POSSIBLE,MLCC020,760.1,49,0,49,0,0,0,6,0,0,0,0,6,15.51,89.48,0,89.48,0,0,0,579.33,0,0,0,0,579.33,13.82,2022-01-14
절단 대공정(MF),MF 확장 마운터기,E2100755,MFS05 - MF 확장 마운터기,POSSIBLE,MLCC020,1086.62,86,0,86,0,0,0,14,0,0,0,0,14,12.64,139.75,0,139.75,0,0,0,126.27,0,0,0,0,126.27,10.87,2022-01-15
절단 대공정(MF),MF 확장 마운터기,E2100755,MFS05 - MF 확장 마운터기,POSSIBLE,MLCC020,1132.17,121,0,121,0,0,0,12,0,0,0,0,12,9.36,216.1,0,216.1,0,0,0,59.32,0,0,0,0,59.32,8.51,2022-01-16
절단 대공정(MF),MF 확장 마운터기,E2100755,MFS05 - MF 확장 마운터기,POSSIBLE,MLCC020,1092.62,60,0,60,0,0,0,12,0,0,0,0,12,18.21,125,0,125,0,0,0,194.97,0,0,0,0,194.97,15.18,2022-01-17
절단 대공정(MF),MF 확장 마운터기,E2100755,MFS05 - MF 확장 마운터기,POSSIBLE,MLCC020,1223.08,72,0,72,0,0,0,9,0,0,0,0,9,16.99,118.58,0,118.58,0,0,0,44.92,0,0,0,0,44.92,15.1,2022-01-18
절단 대공정(MF),MF 확장 마운터기,E2100755,MFS05 - MF 확장 마운터기,POSSIBLE,MLCC020,783.78,248,0,248,0,0,0,8,0,0,0,0,8,3.16,431.25,0,431.25,0,0,0,91.5,0,0,0,0,91.5,3.06,2022-01-19
절단 대공정(MF),MF 확장 마운터기,E2100755,MFS05 - MF 확장 마운터기,POSSIBLE,MLCC020,1039.1,103,0,103,0,0,0,5,0,0,0,0,5,10.09,115.22,0,115.22,0,0,0,96.82,0,0,0,0,96.82,9.62,2022-01-20
절단 대공정(MF),MF 확장 마운터기,E2100755,MFS05 - MF 확장 마운터기,POSSIBLE,MLCC020,1146.25,137,0,137,0,0,0,8,0,0,0,0,8,8.37,184.28,0,184.28,0,0,0,42.88,0,0,0,0,42.88,7.91,2022-01-21
절단 대공정(MF),MF 확장 마운터기,E2100755,MFS05 - MF 확장 마운터기,POSSIBLE,MLCC020,664.53,139,0,139,0,0,0,5,0,0,0,0,5,4.78,298.35,0,298.35,0,0,0,40.2,0,0,0,0,40.2,4.61,2022-01-22
절단 대공정(MF),MF 확장 마운터기,E2100755,MFS05 - MF 확장 마운터기,POSSIBLE,MLCC020,1015.07,173,0,173,0,0,0,13,0,0,0,0,13,5.87,281.63,0,281.63,0,0,0,96,0,0,0,0,96,5.46,2022-01-23
절단 대공정(MF),MF 확장 마운터기,E2100756,MFS06 - MF 확장 마운터기,POSSIBLE,MLCC020,1224.18,70,0,70,0,0,0,7,0,0,0,0,7,17.49,80.6,0,80.6,0,0,0,89.25,0,0,0,0,89.25,15.9,2022-01-01
절단 대공정(MF),MF 확장 마운터기,E2100756,MFS06 - MF 확장 마운터기,POSSIBLE,MLCC020,1229.23,83,0,83,0,0,0,8,0,0,0,0,8,14.81,117.87,0,117.87,0,0,0,46.28,0,0,0,0,46.28,13.51,2022-01-02
절단 대공정(MF),MF 확장 마운터기,E2100756,MFS06 - MF 확장 마운터기,POSSIBLE,MLCC020,1197.7,112,0,112,0,0,0,7,0,0,0,0,7,10.69,165.4,0,165.4,0,0,0,24.98,0,0,0,0,24.98,10.06,2022-01-03
절단 대공정(MF),MF 확장 마운터기,E2100756,MFS06 - MF 확장 마운터기,POSSIBLE,MLCC020,1222.35,44,0,44,0,0,0,7,0,0,0,0,7,27.78,74,0,74,0,0,0,69.15,0,0,0,0,69.15,23.97,2022-01-04
절단 대공정(MF),MF 확장 마운터기,E2100756,MFS06 - MF 확장 마운터기,POSSIBLE,MLCC020,1067.67,103,0,103,0,0,0,10,0,0,0,0,10,10.37,254.65,0,254.65,0,0,0,89.3,0,0,0,0,89.3,9.45,2022-01-05
절단 대공정(MF),MF 확장 마운터기,E2100756,MFS06 - MF 확장 마운터기,POSSIBLE,MLCC020,1109.58,120,0,120,0,0,0,9,0,0,0,0,9,9.25,124.72,0,124.72,0,0,0,76,0,0,0,0,76,8.6,2022-01-06
절단 대공정(MF),MF 확장 마운터기,E2100756,MFS06 - MF 확장 마운터기,POSSIBLE,MLCC020,1079.4,163,0,163,0,0,0,5,0,0,0,0,5,6.62,195.67,0,195.67,0,0,0,42,0,0,0,0,42,6.42,2022-01-07
절단 대공정(MF),MF 확장 마운터기,E2100756,MFS06 - MF 확장 마운터기,POSSIBLE,MLCC020,1076.63,150,0,150,0,0,0,11,0,0,0,0,11,7.18,141.93,0,141.93,0,0,0,61.3,0,0,0,0,61.3,6.69,2022-01-08
절단 대공정(MF),MF 확장 마운터기,E2100756,MFS06 - MF 확장 마운터기,POSSIBLE,MLCC020,1081.02,154,0,154,0,0,0,13,0,0,0,0,13,7.02,160.82,0,160.82,0,0,0,76.2,0,0,0,0,76.2,6.47,2022-01-09
절단 대공정(MF),MF 확장 마운터기,E2100756,MFS06 - MF 확장 마운터기,POSSIBLE,MLCC020,1101.32,161,0,161,0,0,0,9,0,0,0,0,9,6.84,249.88,0,249.88,0,0,0,52.75,0,0,0,0,52.75,6.48,2022-01-10
절단 대공정(MF),MF 확장 마운터기,E2100756,MFS06 - MF 확장 마운터기,POSSIBLE,MLCC020,1123.62,113,0,113,0,0,0,8,0,0,0,0,8,9.94,173.18,0,173.18,0,0,0,68.57,0,0,0,0,68.57,9.29,2022-01-11
절단 대공정(MF),MF 확장 마운터기,E2100756,MFS06 - MF 확장 마운터기,POSSIBLE,MLCC020,1133.32,143,0,143,0,0,0,7,0,0,0,0,7,7.93,201.72,0,201.72,0,0,0,34,0,0,0,0,34,7.56,2022-01-12
절단 대공정(MF),MF 확장 마운터기,E2100756,MFS06 - MF 확장 마운터기,POSSIBLE,MLCC020,1230.13,80,0,80,0,0,0,6,0,0,0,0,6,15.38,128.35,0,128.35,0,0,0,40.75,0,0,0,0,40.75,14.3,2022-01-13
절단 대공정(MF),MF 확장 마운터기,E2100756,MFS06 - MF 확장 마운터기,POSSIBLE,MLCC020,777.55,76,0,76,0,0,0,8,0,0,0,0,8,10.23,191.32,0,191.32,0,0,0,169.42,0,0,0,0,169.42,9.26,2022-01-14
절단 대공정(MF),MF 확장 마운터기,E2100756,MFS06 - MF 확장 마운터기,POSSIBLE,MLCC020,1086.65,126,0,126,0,0,0,9,0,0,0,0,9,8.62,237.53,0,237.53,0,0,0,69.15,0,0,0,0,69.15,8.05,2022-01-15
절단 대공정(MF),MF 확장 마운터기,E2100756,MFS06 - MF 확장 마운터기,POSSIBLE,MLCC020,998.9,235,0,235,0,0,0,8,0,0,0,0,8,4.25,340.75,0,340.75,0,0,0,31.12,0,0,0,0,31.12,4.11,2022-01-16
절단 대공정(MF),MF 확장 마운터기,E2100756,MFS06 - MF 확장 마운터기,POSSIBLE,MLCC020,942.27,175,0,175,0,0,0,7,0,0,0,0,7,5.38,361.2,0,361.2,0,0,0,78.57,0,0,0,0,78.57,5.18,2022-01-17
절단 대공정(MF),MF 확장 마운터기,E2100756,MFS06 - MF 확장 마운터기,POSSIBLE,MLCC020,1181.4,95,0,95,0,0,0,8,0,0,0,0,8,12.44,120.77,0,120.77,0,0,0,54.83,0,0,0,0,54.83,11.47,2022-01-18
절단 대공정(MF),MF 확장 마운터기,E2100756,MFS06 - MF 확장 마운터기,POSSIBLE,MLCC020,1044.52,123,0,123,0,0,0,10,0,0,0,0,10,8.49,215.1,0,215.1,0,0,0,86.5,0,0,0,0,86.5,7.85,2022-01-19
절단 대공정(MF),MF 확장 마운터기,E2100756,MFS06 - MF 확장 마운터기,POSSIBLE,MLCC020,801.68,221,0,221,0,0,0,6,0,0,0,0,6,3.63,357.18,0,357.18,0,0,0,48.08,0,0,0,0,48.08,3.53,2022-01-20
절단 대공정(MF),MF 확장 마운터기,E2100756,MFS06 - MF 확장 마운터기,POSSIBLE,MLCC020,1160.25,124,0,124,0,0,0,9,0,0,0,0,9,9.36,147.72,0,147.72,0,0,0,45.33,0,0,0,0,45.33,8.72,2022-01-21
절단 대공정(MF),MF 확장 마운터기,E2100756,MFS06 - MF 확장 마운터기,POSSIBLE,MLCC020,779.72,26,0,26,0,0,0,5,0,0,0,0,5,29.99,62.8,0,62.8,0,0,0,104,0,0,0,0,104,25.15,2022-01-22
절단 대공정(MF),MF 확장 마운터기,E2100756,MFS06 - MF 확장 마운터기,POSSIBLE,MLCC020,1078.12,91,0,91,0,0,0,9,0,0,0,0,9,11.85,220.92,0,220.92,0,0,0,111.05,0,0,0,0,111.05,10.78,2022-01-23
절단 대공정(MF),MF 확장 마운터기,E2100757,MFS07 - MF 확장 마운터기,POSSIBLE,MLCC020,1102.97,189,0,189,0,0,0,6,0,0,0,0,6,5.84,256.03,0,256.03,0,0,0,29.83,0,0,0,0,29.83,5.66,2022-01-01
절단 대공정(MF),MF 확장 마운터기,E2100757,MFS07 - MF 확장 마운터기,POSSIBLE,MLCC020,1166.38,184,0,184,0,0,0,5,0,0,0,0,5,6.34,204.28,0,204.28,0,0,0,19.42,0,0,0,0,19.42,6.17,2022-01-02
절단 대공정(MF),MF 확장 마운터기,E2100757,MFS07 - MF 확장 마운터기,POSSIBLE,MLCC020,1139.13,126,0,126,0,0,0,7,0,0,0,0,7,9.04,196.13,0,196.13,0,0,0,43.45,0,0,0,0,43.45,8.56,2022-01-03
절단 대공정(MF),MF 확장 마운터기,E2100757,MFS07 - MF 확장 마운터기,POSSIBLE,MLCC020,1091.45,102,0,102,0,0,0,5,0,0,0,0,5,10.7,240,0,240,0,0,0,35.28,0,0,0,0,35.28,10.2,2022-01-04
절단 대공정(MF),MF 확장 마운터기,E2100757,MFS07 - MF 확장 마운터기,POSSIBLE,MLCC020,1019.75,139,0,139,0,0,0,8,0,0,0,0,8,7.34,311.03,0,311.03,0,0,0,59.52,0,0,0,0,59.52,6.94,2022-01-05
절단 대공정(MF),MF 확장 마운터기,E2100757,MFS07 - MF 확장 마운터기,POSSIBLE,MLCC020,1076.37,172,0,172,0,0,0,11,0,0,0,0,11,6.26,226.8,0,226.8,0,0,0,59.57,0,0,0,0,59.57,5.88,2022-01-06
절단 대공정(MF),MF 확장 마운터기,E2100757,MFS07 - MF 확장 마운터기,POSSIBLE,MLCC020,1124.8,135,0,135,0,0,0,6,0,0,0,0,6,8.33,185.67,0,185.67,0,0,0,36,0,0,0,0,36,7.98,2022-01-07
절단 대공정(MF),MF 확장 마운터기,E2100757,MFS07 - MF 확장 마운터기,POSSIBLE,MLCC020,1066.85,185,0,185,0,0,0,7,0,0,0,0,7,5.77,260.77,0,260.77,0,0,0,36.52,0,0,0,0,36.52,5.56,2022-01-08
절단 대공정(MF),MF 확장 마운터기,E2100757,MFS07 - MF 확장 마운터기,POSSIBLE,MLCC020,1040.9,193,0,193,0,0,0,6,0,0,0,0,6,5.39,236.83,0,236.83,0,0,0,88.83,0,0,0,0,88.83,5.23,2022-01-09
절단 대공정(MF),MF 확장 마운터기,E2100757,MFS07 - MF 확장 마운터기,POSSIBLE,MLCC020,1097.92,161,0,161,0,0,1,7,0,0,0,0,8,6.82,254.3,0,254.3,0,0,3.2,39.33,0,0,0,0,42.53,6.5,2022-01-10
절단 대공정(MF),MF 확장 마운터기,E2100757,MFS07 - MF 확장 마운터기,POSSIBLE,MLCC020,1002.45,227,0,227,0,0,0,6,0,0,0,0,6,4.42,260.2,0,260.2,0,0,0,25.53,0,0,0,0,25.53,4.3,2022-01-11
절단 대공정(MF),MF 확장 마운터기,E2100757,MFS07 - MF 확장 마운터기,POSSIBLE,MLCC020,1044.02,216,0,216,0,0,0,7,0,0,0,0,7,4.83,274.57,0,274.57,0,0,0,37.45,0,0,0,0,37.45,4.68,2022-01-12
절단 대공정(MF),MF 확장 마운터기,E2100757,MFS07 - MF 확장 마운터기,POSSIBLE,MLCC020,1026.65,174,0,174,0,0,0,9,0,0,0,0,9,5.9,250.5,0,250.5,0,0,0,82.17,0,0,0,0,82.17,5.61,2022-01-13
절단 대공정(MF),MF 확장 마운터기,E2100757,MFS07 - MF 확장 마운터기,POSSIBLE,MLCC020,750.12,261,0,261,0,0,0,7,0,0,0,0,7,2.87,399.38,0,399.38,0,0,0,210.6,0,0,0,0,210.6,2.8,2022-01-14
절단 대공정(MF),MF 확장 마운터기,E2100757,MFS07 - MF 확장 마운터기,POSSIBLE,MLCC020,796.17,289,0,289,0,0,0,14,0,0,0,0,14,2.75,478.47,0,478.47,0,0,0,77.83,0,0,0,0,77.83,2.63,2022-01-15
절단 대공정(MF),MF 확장 마운터기,E2100757,MFS07 - MF 확장 마운터기,POSSIBLE,MLCC020,919.2,262,0,262,0,0,0,6,0,0,0,0,6,3.51,430.77,0,430.77,0,0,0,44.57,0,0,0,0,44.57,3.43,2022-01-16
절단 대공정(MF),MF 확장 마운터기,E2100757,MFS07 - MF 확장 마운터기,POSSIBLE,MLCC020,805.93,279,0,279,0,0,0,10,0,0,0,0,10,2.89,453.85,0,453.85,0,0,0,113.38,0,0,0,0,113.38,2.79,2022-01-17
절단 대공정(MF),MF 확장 마운터기,E2100757,MFS07 - MF 확장 마운터기,POSSIBLE,MLCC020,890.3,285,0,285,0,0,0,6,0,0,0,0,6,3.12,376.87,0,376.87,0,0,0,31.32,0,0,0,0,31.32,3.06,2022-01-18
절단 대공정(MF),MF 확장 마운터기,E2100757,MFS07 - MF 확장 마운터기,POSSIBLE,MLCC020,1144,78,0,78,0,0,0,7,0,0,0,0,7,14.67,149.88,0,149.88,0,0,0,69.32,0,0,0,0,69.32,13.46,2022-01-19
절단 대공정(MF),MF 확장 마운터기,E2100757,MFS07 - MF 확장 마운터기,POSSIBLE,MLCC020,881.98,164,0,164,0,0,0,5,0,0,0,0,5,5.38,219.58,0,219.58,0,0,0,80.75,0,0,0,0,80.75,5.22,2022-01-20
절단 대공정(MF),MF 확장 마운터기,E2100757,MFS07 - MF 확장 마운터기,POSSIBLE,MLCC020,1152.57,152,0,152,0,0,0,6,0,0,0,1,7,7.58,163.18,0,163.18,0,0,0,55.27,0,0,0,3,58.27,7.25,2022-01-21
절단 대공정(MF),MF 확장 마운터기,E2100757,MFS07 - MF 확장 마운터기,POSSIBLE,MLCC020,855.87,73,0,73,0,0,0,3,0,0,0,0,3,11.72,122.58,0,122.58,0,0,0,29.8,0,0,0,0,29.8,11.26,2022-01-22
절단 대공정(MF),MF 확장 마운터기,E2100757,MFS07 - MF 확장 마운터기,POSSIBLE,MLCC020,973.73,197,0,197,0,0,0,12,0,0,0,0,12,4.94,326.87,0,326.87,0,0,0,93.13,0,0,0,0,93.13,4.66,2022-01-23
절단 대공정(MF),MF 확장 마운터기,E2100758,MFS08 - MF 확장 마운터기,POSSIBLE,MLCC020,1139.27,59,0,59,0,0,0,8,0,0,0,0,8,19.31,139.12,0,139.12,0,0,0,83.03,0,0,0,0,83.03,17,2022-01-01
절단 대공정(MF),MF 확장 마운터기,E2100758,MFS08 - MF 확장 마운터기,POSSIBLE,MLCC020,1087.18,144,0,144,0,0,0,7,0,0,0,0,7,7.55,233.77,0,233.77,0,0,0,60.33,0,0,0,0,60.33,7.2,2022-01-02
절단 대공정(MF),MF 확장 마운터기,E2100758,MFS08 - MF 확장 마운터기,POSSIBLE,MLCC020,1157.45,80,0,80,0,0,0,8,0,0,0,0,8,14.47,169.45,0,169.45,0,0,0,54.9,0,0,0,0,54.9,13.15,2022-01-03
절단 대공정(MF),MF 확장 마운터기,E2100758,MFS08 - MF 확장 마운터기,POSSIBLE,MLCC020,1127.12,86,0,86,0,0,0,11,0,0,0,0,11,13.11,164.93,0,164.93,0,0,0,77.72,0,0,0,0,77.72,11.62,2022-01-04
절단 대공정(MF),MF 확장 마운터기,E2100758,MFS08 - MF 확장 마운터기,POSSIBLE,MLCC020,989.08,130,0,130,0,0,0,11,0,0,0,0,11,7.61,316.07,0,316.07,0,0,0,81.6,0,0,0,0,81.6,7.01,2022-01-05
절단 대공정(MF),MF 확장 마운터기,E2100758,MFS08 - MF 확장 마운터기,POSSIBLE,MLCC020,1207.4,69,0,69,0,0,0,11,0,0,0,0,11,17.5,95.83,0,95.83,0,0,0,74.92,0,0,0,0,74.92,15.09,2022-01-06
절단 대공정(MF),MF 확장 마운터기,E2100758,MFS08 - MF 확장 마운터기,POSSIBLE,MLCC020,1100.85,140,0,140,0,0,0,9,0,0,0,0,9,7.86,181.97,0,181.97,0,0,0,70.5,0,0,0,0,70.5,7.39,2022-01-07
절단 대공정(MF),MF 확장 마운터기,E2100758,MFS08 - MF 확장 마운터기,POSSIBLE,MLCC020,1110.52,101,0,101,0,0,0,7,0,0,0,0,7,11,186.3,0,186.3,0,0,0,72,0,0,0,0,72,10.28,2022-01-08
절단 대공정(MF),MF 확장 마운터기,E2100758,MFS08 - MF 확장 마운터기,POSSIBLE,MLCC020,1211.97,61,0,61,0,0,0,7,0,0,0,0,7,19.87,83.43,0,83.43,0,0,0,81.33,0,0,0,0,81.33,17.82,2022-01-09
절단 대공정(MF),MF 확장 마운터기,E2100758,MFS08 - MF 확장 마운터기,POSSIBLE,MLCC020,1214.05,95,0,95,0,0,0,8,0,0,0,0,8,12.78,146.22,0,146.22,0,0,0,39.98,0,0,0,0,39.98,11.79,2022-01-10
절단 대공정(MF),MF 확장 마운터기,E2100758,MFS08 - MF 확장 마운터기,POSSIBLE,MLCC020,1176.2,70,0,70,0,0,0,7,0,0,0,0,7,16.8,161.4,0,161.4,0,0,0,39.38,0,0,0,0,39.38,15.28,2022-01-11
절단 대공정(MF),MF 확장 마운터기,E2100758,MFS08 - MF 확장 마운터기,POSSIBLE,MLCC020,1124.27,97,0,97,0,0,0,9,0,0,0,0,9,11.59,195.85,0,195.85,0,0,0,66.02,0,0,0,0,66.02,10.61,2022-01-12
절단 대공정(MF),MF 확장 마운터기,E2100758,MFS08 - MF 확장 마운터기,POSSIBLE,MLCC020,1145.45,114,0,114,0,0,0,9,0,0,0,0,9,10.05,175.57,0,175.57,0,0,0,71.33,0,0,0,0,71.33,9.31,2022-01-13
절단 대공정(MF),MF 확장 마운터기,E2100758,MFS08 - MF 확장 마운터기,POSSIBLE,MLCC020,842.52,89,0,89,0,0,0,11,0,0,0,0,11,9.47,215.4,0,215.4,0,0,0,76.22,0,0,0,0,76.22,8.43,2022-01-14
절단 대공정(MF),MF 확장 마운터기,E2100758,MFS08 - MF 확장 마운터기,POSSIBLE,MLCC020,860.77,197,0,197,0,0,0,15,0,0,0,0,15,4.37,402.15,0,402.15,0,0,0,98.58,0,0,0,0,98.58,4.06,2022-01-15
절단 대공정(MF),MF 확장 마운터기,E2100758,MFS08 - MF 확장 마운터기,POSSIBLE,MLCC020,849.12,199,0,199,0,0,0,8,0,0,0,0,8,4.27,455.02,0,455.02,0,0,0,66.57,0,0,0,0,66.57,4.1,2022-01-16
절단 대공정(MF),MF 확장 마운터기,E2100758,MFS08 - MF 확장 마운터기,POSSIBLE,MLCC020,1000.12,107,0,107,0,0,0,15,0,0,0,1,16,9.35,242.07,0,242.07,0,0,0,158.42,0,0,0,3,161.42,8.13,2022-01-17
절단 대공정(MF),MF 확장 마운터기,E2100758,MFS08 - MF 확장 마운터기,POSSIBLE,MLCC020,1149.53,85,0,85,0,0,0,9,0,0,0,0,9,13.52,161.35,0,161.35,0,0,0,66.87,0,0,0,0,66.87,12.23,2022-01-18
절단 대공정(MF),MF 확장 마운터기,E2100758,MFS08 - MF 확장 마운터기,POSSIBLE,MLCC020,927.52,149,0,149,0,0,0,12,0,0,0,0,12,6.22,335.93,0,335.93,0,0,0,56.72,0,0,0,0,56.72,5.76,2022-01-19
절단 대공정(MF),MF 확장 마운터기,E2100758,MFS08 - MF 확장 마운터기,POSSIBLE,MLCC020,865.57,142,0,142,0,0,0,11,0,0,0,1,12,6.1,234.95,0,234.95,0,0,0,279.37,0,0,0,3,282.37,5.62,2022-01-20
절단 대공정(MF),MF 확장 마운터기,E2100758,MFS08 - MF 확장 마운터기,POSSIBLE,MLCC020,1232.43,81,0,81,0,0,0,8,0,0,0,0,8,15.22,101.13,0,101.13,0,0,0,44.45,0,0,0,0,44.45,13.85,2022-01-21
절단 대공정(MF),MF 확장 마운터기,E2100758,MFS08 - MF 확장 마운터기,POSSIBLE,MLCC020,572.77,19,0,19,0,0,0,6,0,0,0,0,6,30.15,69.02,0,69.02,0,0,0,389.67,0,0,0,0,389.67,22.91,2022-01-22
절단 대공정(MF),MF 확장 마운터기,E2100758,MFS08 - MF 확장 마운터기,POSSIBLE,MLCC020,1049.05,172,0,172,0,0,0,18,0,0,0,0,18,6.1,165.48,0,165.48,0,0,0,151.6,0,0,0,0,151.6,5.52,2022-01-23
절단 대공정(MF),MF 확장 마운터기,E2101493,MFS09 - MF 확장 마운터기,POSSIBLE,MLCC020,1227.17,109,0,109,0,0,0,9,0,0,0,0,9,11.26,116.88,0,116.88,0,0,0,52.6,0,0,0,0,52.6,10.4,2022-01-01
절단 대공정(MF),MF 확장 마운터기,E2101493,MFS09 - MF 확장 마운터기,POSSIBLE,MLCC020,1235.07,125,0,125,0,0,0,8,0,0,0,0,8,9.88,130.9,0,130.9,0,0,0,30.98,0,0,0,0,30.98,9.29,2022-01-02
절단 대공정(MF),MF 확장 마운터기,E2101493,MFS09 - MF 확장 마운터기,POSSIBLE,MLCC020,1181.68,72,0,72,0,0,0,8,0,0,0,0,8,16.41,116.08,0,116.08,0,0,0,94.83,0,0,0,0,94.83,14.77,2022-01-03
절단 대공정(MF),MF 확장 마운터기,E2101493,MFS09 - MF 확장 마운터기,POSSIBLE,MLCC020,952.73,132,0,132,0,0,0,14,0,0,0,0,14,7.22,229.32,0,229.32,0,0,0,85.5,0,0,0,0,85.5,6.53,2022-01-04
절단 대공정(MF),MF 확장 마운터기,E2101493,MFS09 - MF 확장 마운터기,POSSIBLE,MLCC020,936.08,190,0,190,0,0,0,8,0,0,0,0,8,4.93,375.55,0,375.55,0,0,0,80.67,0,0,0,0,80.67,4.73,2022-01-05
절단 대공정(MF),MF 확장 마운터기,E2101493,MFS09 - MF 확장 마운터기,POSSIBLE,MLCC020,1036.77,151,0,151,0,0,0,10,0,0,0,1,11,6.87,177.93,0,177.93,0,0,0,74.15,0,0,0,3.02,77.17,6.4,2022-01-06
절단 대공정(MF),MF 확장 마운터기,E2101493,MFS09 - MF 확장 마운터기,POSSIBLE,MLCC020,1103.62,151,0,151,0,0,0,4,0,0,0,0,4,7.31,188.85,0,188.85,0,0,0,35.78,0,0,0,0,35.78,7.12,2022-01-07
절단 대공정(MF),MF 확장 마운터기,E2101493,MFS09 - MF 확장 마운터기,POSSIBLE,MLCC020,1294.35,53,0,53,0,0,0,6,0,0,0,0,6,24.42,49,0,49,0,0,0,37.87,0,0,0,0,37.87,21.94,2022-01-08
절단 대공정(MF),MF 확장 마운터기,E2101493,MFS09 - MF 확장 마운터기,POSSIBLE,MLCC020,1239.7,68,0,68,0,0,0,9,0,0,0,0,9,18.23,76.22,0,76.22,0,0,0,82.43,0,0,0,0,82.43,16.1,2022-01-09
절단 대공정(MF),MF 확장 마운터기,E2101493,MFS09 - MF 확장 마운터기,POSSIBLE,MLCC020,187.87,3,0,3,0,0,0,0,0,0,0,0,0,62.62,1.4,0,1.4,0,0,0,0.38,0,0,0,0,0.38,62.62,2022-01-10
절단 대공정(MF),MF 확장 마운터기,E2101493,MFS09 - MF 확장 마운터기,POSSIBLE,MLCC020,0.03,0,0,0,0,0,0,0,0,0,0,0,0,0.03,0,0,0,0,0,0,104.52,0,0,0,0,104.52,0.03,2022-01-11
절단 대공정(MF),MF 확장 마운터기,E2101493,MFS09 - MF 확장 마운터기,POSSIBLE,MLCC020,496.37,82,0,82,0,0,0,4,0,0,0,0,4,6.05,94.22,0,94.22,0,0,0,29.28,0,0,0,0,29.28,5.77,2022-01-12
절단 대공정(MF),MF 확장 마운터기,E2101493,MFS09 - MF 확장 마운터기,POSSIBLE,MLCC020,221.1,35,0,35,0,0,0,1,0,0,0,0,1,6.32,120.5,0,120.5,0,0,0,933.13,0,0,0,0,933.13,6.14,2022-01-13
절단 대공정(MF),MF 확장 마운터기,E2101493,MFS09 - MF 확장 마운터기,POSSIBLE,MLCC020,943.92,141,0,141,0,0,0,7,0,0,0,0,7,6.69,362.77,0,362.77,0,0,0,78.77,0,0,0,0,78.77,6.38,2022-01-14
절단 대공정(MF),MF 확장 마운터기,E2101493,MFS09 - MF 확장 마운터기,POSSIBLE,MLCC020,1238.73,120,0,120,0,0,0,9,0,0,0,0,9,10.32,137.65,0,137.65,0,0,0,45.57,0,0,0,0,45.57,9.6,2022-01-15
절단 대공정(MF),MF 확장 마운터기,E2101493,MFS09 - MF 확장 마운터기,POSSIBLE,MLCC020,1185.87,135,0,135,0,0,0,8,0,0,0,0,8,8.78,200.87,0,200.87,0,0,0,42.43,0,0,0,0,42.43,8.29,2022-01-16
절단 대공정(MF),MF 확장 마운터기,E2101493,MFS09 - MF 확장 마운터기,POSSIBLE,MLCC020,1045.97,142,0,142,0,0,0,10,0,0,0,0,10,7.37,258.12,0,258.12,0,0,0,86.23,0,0,0,0,86.23,6.88,2022-01-17
절단 대공정(MF),MF 확장 마운터기,E2101493,MFS09 - MF 확장 마운터기,POSSIBLE,MLCC020,1087.9,168,0,168,0,0,0,6,0,0,0,0,6,6.48,234.47,0,234.47,0,0,0,44.1,0,0,0,0,44.1,6.25,2022-01-18
절단 대공정(MF),MF 확장 마운터기,E2101493,MFS09 - MF 확장 마운터기,POSSIBLE,MLCC020,1022.63,195,0,195,0,0,0,7,0,0,0,0,7,5.24,267.25,0,267.25,0,0,0,56.22,0,0,0,0,56.22,5.06,2022-01-19
절단 대공정(MF),MF 확장 마운터기,E2101493,MFS09 - MF 확장 마운터기,POSSIBLE,MLCC020,1079.82,214,0,214,0,0,0,7,0,0,0,1,8,5.05,247.07,0,247.07,0,0,0,26.87,0,0,0,3,29.87,4.86,2022-01-20
절단 대공정(MF),MF 확장 마운터기,E2101493,MFS09 - MF 확장 마운터기,POSSIBLE,MLCC020,1184.35,176,0,176,0,0,0,8,0,0,0,0,8,6.73,145.57,0,145.57,0,0,0,55.83,0,0,0,0,55.83,6.44,2022-01-21
절단 대공정(MF),MF 확장 마운터기,E2101493,MFS09 - MF 확장 마운터기,POSSIBLE,MLCC020,979.08,309,0,309,0,0,0,12,0,0,0,0,12,3.17,267.07,0,267.07,0,0,0,103.2,0,0,0,0,103.2,3.05,2022-01-22
절단 대공정(MF),MF 확장 마운터기,E2101493,MFS09 - MF 확장 마운터기,POSSIBLE,MLCC020,1137.18,216,0,216,0,0,0,7,0,0,0,0,7,5.26,259.78,0,259.78,0,0,0,24.6,0,0,0,0,24.6,5.1,2022-01-23
절단 대공정(MF),MF 확장 마운터기,E2101494,MFS10 - MF 확장 마운터기,POSSIBLE,MLCC020,1149.25,130,1,131,0,0,0,10,0,0,0,1,11,8.77,159.98,4.92,164.9,0,0,0,55.83,0,0,0,3.02,58.85,8.09,2022-01-01
절단 대공정(MF),MF 확장 마운터기,E2101494,MFS10 - MF 확장 마운터기,POSSIBLE,MLCC020,1186.27,76,0,76,0,0,0,13,0,0,0,0,13,15.61,75.8,0,75.8,0,0,0,69.78,0,0,0,0,69.78,13.33,2022-01-02
절단 대공정(MF),MF 확장 마운터기,E2101494,MFS10 - MF 확장 마운터기,POSSIBLE,MLCC020,1114.77,108,0,108,0,0,0,12,0,0,0,0,12,10.32,160.78,0,160.78,0,0,0,121.27,0,0,0,0,121.27,9.29,2022-01-03
절단 대공정(MF),MF 확장 마운터기,E2101494,MFS10 - MF 확장 마운터기,POSSIBLE,MLCC020,1092.78,120,0,120,0,0,0,7,0,0,0,0,7,9.11,202.55,0,202.55,0,0,0,70.75,0,0,0,0,70.75,8.6,2022-01-04
절단 대공정(MF),MF 확장 마운터기,E2101494,MFS10 - MF 확장 마운터기,POSSIBLE,MLCC020,642.63,334,2,336,0,0,0,8,0,0,0,0,8,1.91,642.4,52.47,694.87,0,0,0,41.25,0,0,0,0,41.25,1.87,2022-01-05
절단 대공정(MF),MF 확장 마운터기,E2101494,MFS10 - MF 확장 마운터기,POSSIBLE,MLCC020,885.2,226,0,226,0,0,0,9,0,0,0,0,9,3.92,362.02,0,362.02,0,0,0,51.48,0,0,0,0,51.48,3.77,2022-01-06
절단 대공정(MF),MF 확장 마운터기,E2101494,MFS10 - MF 확장 마운터기,POSSIBLE,MLCC020,1016.48,159,0,159,0,0,0,8,0,0,0,0,8,6.39,244.77,0,244.77,0,0,0,61.5,0,0,0,0,61.5,6.09,2022-01-07
절단 대공정(MF),MF 확장 마운터기,E2101494,MFS10 - MF 확장 마운터기,POSSIBLE,MLCC020,453.02,57,0,57,0,0,0,3,0,0,0,0,3,7.95,47.58,0,47.58,0,0,0,30.83,0,0,0,0,30.83,7.55,2022-01-08
절단 대공정(MF),MF 확장 마운터기,E2101494,MFS10 - MF 확장 마운터기,POSSIBLE,MLCC020,55.82,79,0,79,0,0,0,13,0,0,0,0,13,0.71,47,0,47,0,0,0,174.78,0,0,0,0,174.78,0.61,2022-01-09
절단 대공정(MF),MF 확장 마운터기,E2101494,MFS10 - MF 확장 마운터기,POSSIBLE,MLCC020,464.13,303,0,303,0,0,0,21,0,0,0,0,21,1.53,365.5,0,365.5,0,0,0,215.08,0,0,0,0,215.08,1.43,2022-01-10
절단 대공정(MF),MF 확장 마운터기,E2101494,MFS10 - MF 확장 마운터기,POSSIBLE,MLCC020,403.05,313,0,313,0,0,1,11,0,0,0,0,12,1.29,518.15,0,518.15,0,0,9.35,106.15,0,0,0,0,115.5,1.24,2022-01-11
절단 대공정(MF),MF 확장 마운터기,E2101494,MFS10 - MF 확장 마운터기,POSSIBLE,MLCC020,636.6,108,0,108,0,0,0,6,0,0,0,0,6,5.89,113.98,0,113.98,0,0,0,53.12,0,0,0,0,53.12,5.58,2022-01-12
절단 대공정(MF),MF 확장 마운터기,E2101494,MFS10 - MF 확장 마운터기,POSSIBLE,MLCC020,834.67,238,0,238,0,0,0,16,0,0,0,1,17,3.51,317.08,0,317.08,0,0,0,100.65,0,0,0,3.03,103.68,3.27,2022-01-13
절단 대공정(MF),MF 확장 마운터기,E2101494,MFS10 - MF 확장 마운터기,POSSIBLE,MLCC020,976.67,144,0,144,0,0,0,10,0,0,0,0,10,6.78,279.08,0,279.08,0,0,0,85.37,0,0,0,0,85.37,6.34,2022-01-14
절단 대공정(MF),MF 확장 마운터기,E2101494,MFS10 - MF 확장 마운터기,POSSIBLE,MLCC020,1168.45,152,0,152,0,0,0,9,0,0,0,0,9,7.69,189.8,0,189.8,0,0,0,34.63,0,0,0,0,34.63,7.26,2022-01-15
절단 대공정(MF),MF 확장 마운터기,E2101494,MFS10 - MF 확장 마운터기,POSSIBLE,MLCC020,798.6,242,3,245,0,0,0,14,0,0,0,0,14,3.26,383,70.72,453.72,0,0,0,104.57,0,0,0,0,104.57,3.08,2022-01-16
절단 대공정(MF),MF 확장 마운터기,E2101494,MFS10 - MF 확장 마운터기,POSSIBLE,MLCC020,951.57,237,0,237,0,0,0,10,0,0,0,0,10,4.02,317.77,0,317.77,0,0,0,63.47,0,0,0,0,63.47,3.85,2022-01-17
절단 대공정(MF),MF 확장 마운터기,E2101494,MFS10 - MF 확장 마운터기,POSSIBLE,MLCC020,1076.67,116,0,116,0,0,0,9,0,0,0,0,9,9.28,125.73,0,125.73,0,0,0,111.5,0,0,0,0,111.5,8.61,2022-01-18
절단 대공정(MF),MF 확장 마운터기,E2101494,MFS10 - MF 확장 마운터기,POSSIBLE,MLCC020,1084.88,113,0,113,0,0,0,7,0,0,0,0,7,9.6,226.05,0,226.05,0,0,0,48.03,0,0,0,0,48.03,9.04,2022-01-19
절단 대공정(MF),MF 확장 마운터기,E2101494,MFS10 - MF 확장 마운터기,POSSIBLE,MLCC020,1099.77,94,0,94,0,0,0,10,0,0,0,0,10,11.7,133.48,0,133.48,0,0,0,48.93,0,0,0,0,48.93,10.57,2022-01-20
절단 대공정(MF),MF 확장 마운터기,E2101494,MFS10 - MF 확장 마운터기,POSSIBLE,MLCC020,1135.33,147,0,147,0,0,0,9,0,0,0,0,9,7.72,168.97,0,168.97,0,0,0,69.32,0,0,0,0,69.32,7.28,2022-01-21
절단 대공정(MF),MF 확장 마운터기,E2101494,MFS10 - MF 확장 마운터기,POSSIBLE,MLCC020,1110.63,138,0,138,0,0,0,9,0,0,0,0,9,8.05,228.83,0,228.83,0,0,0,38.32,0,0,0,0,38.32,7.56,2022-01-22
절단 대공정(MF),MF 확장 마운터기,E2101494,MFS10 - MF 확장 마운터기,POSSIBLE,MLCC020,1277.55,94,0,94,0,0,0,11,0,0,0,0,11,13.59,104.4,0,104.4,0,0,0,34.97,0,0,0,0,34.97,12.17,2022-01-23
절단 대공정(MF),MF 확장 마운터기,E2101495,MFS11 - MF 확장 마운터기,POSSIBLE,MLCC020,1059.63,158,0,158,0,0,0,14,0,0,0,0,14,6.71,166.53,0,166.53,0,0,0,108.63,0,0,0,0,108.63,6.16,2022-01-01
절단 대공정(MF),MF 확장 마운터기,E2101495,MFS11 - MF 확장 마운터기,POSSIBLE,MLCC020,1094.22,162,0,162,0,0,0,11,0,0,0,0,11,6.75,194.43,0,194.43,0,0,0,47.1,0,0,0,0,47.1,6.33,2022-01-02
절단 대공정(MF),MF 확장 마운터기,E2101495,MFS11 - MF 확장 마운터기,POSSIBLE,MLCC020,1061.97,170,0,170,0,0,0,8,0,0,0,0,8,6.25,189.23,0,189.23,0,0,0,106.55,0,0,0,0,106.55,5.97,2022-01-03
절단 대공정(MF),MF 확장 마운터기,E2101495,MFS11 - MF 확장 마운터기,POSSIBLE,MLCC020,924.25,179,0,179,0,0,0,10,0,0,0,0,10,5.16,272.45,0,272.45,0,0,0,86.78,0,0,0,0,86.78,4.89,2022-01-04
절단 대공정(MF),MF 확장 마운터기,E2101495,MFS11 - MF 확장 마운터기,POSSIBLE,MLCC020,897.9,199,0,199,0,0,0,6,0,0,0,0,6,4.51,436.95,0,436.95,0,0,0,66.98,0,0,0,0,66.98,4.38,2022-01-05
절단 대공정(MF),MF 확장 마운터기,E2101495,MFS11 - MF 확장 마운터기,POSSIBLE,MLCC020,1144.63,74,0,74,0,0,0,9,0,0,0,0,9,15.47,130.48,0,130.48,0,0,0,54.18,0,0,0,0,54.18,13.79,2022-01-06
절단 대공정(MF),MF 확장 마운터기,E2101495,MFS11 - MF 확장 마운터기,POSSIBLE,MLCC020,1109.77,90,0,90,0,0,0,10,0,0,0,0,10,12.33,172.63,0,172.63,0,0,0,71.98,0,0,0,0,71.98,11.1,2022-01-07
절단 대공정(MF),MF 확장 마운터기,E2101495,MFS11 - MF 확장 마운터기,POSSIBLE,MLCC020,1233.9,56,0,56,0,0,0,12,0,0,0,0,12,22.03,92.18,0,92.18,0,0,0,47.23,0,0,0,0,47.23,18.15,2022-01-08
절단 대공정(MF),MF 확장 마운터기,E2101495,MFS11 - MF 확장 마운터기,POSSIBLE,MLCC020,876,93,0,93,0,0,0,7,0,0,0,0,7,9.42,157.43,0,157.43,0,0,0,37.4,0,0,0,0,37.4,8.76,2022-01-09
절단 대공정(MF),MF 확장 마운터기,E2101495,MFS11 - MF 확장 마운터기,POSSIBLE,MLCC020,615.17,310,0,310,0,0,0,10,0,0,0,0,10,1.98,293.92,0,293.92,0,0,0,218.62,0,0,0,0,218.62,1.92,2022-01-10
절단 대공정(MF),MF 확장 마운터기,E2101495,MFS11 - MF 확장 마운터기,POSSIBLE,MLCC020,799.02,280,0,280,0,0,0,9,0,0,0,0,9,2.85,278.85,0,278.85,0,0,0,118.35,0,0,0,0,118.35,2.76,2022-01-11
절단 대공정(MF),MF 확장 마운터기,E2101495,MFS11 - MF 확장 마운터기,POSSIBLE,MLCC020,1243.7,80,0,80,0,0,0,3,0,0,0,0,3,15.55,103.27,0,103.27,0,0,0,18.97,0,0,0,0,18.97,14.98,2022-01-12
절단 대공정(MF),MF 확장 마운터기,E2101495,MFS11 - MF 확장 마운터기,POSSIBLE,MLCC020,872.78,189,0,189,0,0,0,16,0,0,0,0,16,4.62,318.58,0,318.58,0,0,0,152.13,0,0,0,0,152.13,4.26,2022-01-13
절단 대공정(MF),MF 확장 마운터기,E2101495,MFS11 - MF 확장 마운터기,POSSIBLE,MLCC020,648.37,190,0,190,0,0,0,10,0,0,0,0,10,3.41,277.53,0,277.53,0,0,0,156.4,0,0,0,0,156.4,3.24,2022-01-14
절단 대공정(MF),MF 확장 마운터기,E2101495,MFS11 - MF 확장 마운터기,POSSIBLE,MLCC020,871.15,263,0,263,0,0,0,9,0,0,0,1,10,3.31,316.53,0,316.53,0,0,0,73.42,0,0,0,3.02,76.43,3.19,2022-01-15
절단 대공정(MF),MF 확장 마운터기,E2101495,MFS11 - MF 확장 마운터기,POSSIBLE,MLCC020,1034.18,215,0,215,0,0,0,12,0,0,0,0,12,4.81,285.2,0,285.2,0,0,0,65.02,0,0,0,0,65.02,4.56,2022-01-16
절단 대공정(MF),MF 확장 마운터기,E2101495,MFS11 - MF 확장 마운터기,POSSIBLE,MLCC020,970.18,190,0,190,0,0,0,12,0,0,0,0,12,5.11,271.1,0,271.1,0,0,0,104.7,0,0,0,0,104.7,4.8,2022-01-17
절단 대공정(MF),MF 확장 마운터기,E2101495,MFS11 - MF 확장 마운터기,POSSIBLE,MLCC020,962.93,138,0,138,0,0,0,13,0,0,0,0,13,6.98,183.35,0,183.35,0,0,0,115.75,0,0,0,0,115.75,6.38,2022-01-18
절단 대공정(MF),MF 확장 마운터기,E2101495,MFS11 - MF 확장 마운터기,POSSIBLE,MLCC020,930.32,175,0,175,0,0,0,12,0,0,0,0,12,5.32,253.6,0,253.6,0,0,0,95.15,0,0,0,0,95.15,4.97,2022-01-19
절단 대공정(MF),MF 확장 마운터기,E2101495,MFS11 - MF 확장 마운터기,POSSIBLE,MLCC020,1091.03,159,0,159,0,0,0,12,0,0,0,0,12,6.86,171.93,0,171.93,0,0,0,46.23,0,0,0,0,46.23,6.38,2022-01-20
절단 대공정(MF),MF 확장 마운터기,E2101495,MFS11 - MF 확장 마운터기,POSSIBLE,MLCC020,1005.48,129,0,129,0,0,0,9,0,0,0,1,10,7.79,143.2,0,143.2,0,0,0,68.8,0,0,0,4.47,73.27,7.23,2022-01-21
절단 대공정(MF),MF 확장 마운터기,E2101495,MFS11 - MF 확장 마운터기,POSSIBLE,MLCC020,1254.92,56,0,56,0,0,0,5,0,0,0,0,5,22.41,129.62,0,129.62,0,0,0,24.87,0,0,0,0,24.87,20.57,2022-01-22
절단 대공정(MF),MF 확장 마운터기,E2101495,MFS11 - MF 확장 마운터기,POSSIBLE,MLCC020,1338.73,60,0,60,0,0,0,8,0,0,0,0,8,22.31,45,0,45,0,0,0,32.53,0,0,0,0,32.53,19.69,2022-01-23
절단 대공정(MF),MF 확장 마운터기,E2101496,MFS12 - MF 확장 마운터기,POSSIBLE,MLCC020,1079.32,159,0,159,0,0,0,17,0,0,0,0,17,6.79,195.85,0,195.85,0,0,0,114.9,0,0,0,0,114.9,6.13,2022-01-01
절단 대공정(MF),MF 확장 마운터기,E2101496,MFS12 - MF 확장 마운터기,POSSIBLE,MLCC020,986.72,273,0,273,0,0,0,6,0,0,0,0,6,3.61,360.13,0,360.13,0,0,0,29.87,0,0,0,0,29.87,3.54,2022-01-02
절단 대공정(MF),MF 확장 마운터기,E2101496,MFS12 - MF 확장 마운터기,POSSIBLE,MLCC020,816.33,295,0,295,0,0,0,7,0,0,0,0,7,2.77,491.58,0,491.58,0,0,0,42.85,0,0,0,0,42.85,2.7,2022-01-03
절단 대공정(MF),MF 확장 마운터기,E2101496,MFS12 - MF 확장 마운터기,POSSIBLE,MLCC020,492.1,205,1,206,0,0,0,7,0,0,0,1,8,2.39,602.23,6,608.23,0,0,0,46.8,0,0,0,6.27,53.07,2.3,2022-01-04
절단 대공정(MF),MF 확장 마운터기,E2101496,MFS12 - MF 확장 마운터기,POSSIBLE,MLCC020,252.33,176,0,176,0,0,0,2,0,0,0,0,2,1.43,577.38,0,577.38,0,0,0,243.37,0,0,0,0,243.37,1.42,2022-01-05
절단 대공정(MF),MF 확장 마운터기,E2101496,MFS12 - MF 확장 마운터기,POSSIBLE,MLCC020,792.83,161,0,161,0,0,0,5,0,0,0,0,5,4.92,262.73,0,262.73,0,0,0,47.4,0,0,0,0,47.4,4.78,2022-01-06
절단 대공정(MF),MF 확장 마운터기,E2101496,MFS12 - MF 확장 마운터기,POSSIBLE,MLCC020,1058.63,102,0,102,0,0,0,10,0,0,0,1,11,10.38,154.15,0,154.15,0,0,0,91.02,0,0,0,3.02,94.03,9.37,2022-01-07
절단 대공정(MF),MF 확장 마운터기,E2101496,MFS12 - MF 확장 마운터기,POSSIBLE,MLCC020,1156.93,84,0,84,0,0,0,9,0,0,0,0,9,13.77,131.55,0,131.55,0,0,0,93.85,0,0,0,0,93.85,12.44,2022-01-08
절단 대공정(MF),MF 확장 마운터기,E2101496,MFS12 - MF 확장 마운터기,POSSIBLE,MLCC020,824.13,120,0,120,0,0,0,6,0,0,0,0,6,6.87,135.53,0,135.53,0,0,0,134.47,0,0,0,0,134.47,6.54,2022-01-09
절단 대공정(MF),MF 확장 마운터기,E2101496,MFS12 - MF 확장 마운터기,POSSIBLE,MLCC020,712.55,380,0,380,0,0,0,14,0,0,0,0,14,1.88,457.2,0,457.2,0,0,0,137.82,0,0,0,0,137.82,1.81,2022-01-10
절단 대공정(MF),MF 확장 마운터기,E2101496,MFS12 - MF 확장 마운터기,POSSIBLE,MLCC020,869.95,175,0,175,0,0,0,12,0,0,0,0,12,4.97,273.4,0,273.4,0,0,0,114.62,0,0,0,0,114.62,4.65,2022-01-11
절단 대공정(MF),MF 확장 마운터기,E2101496,MFS12 - MF 확장 마운터기,POSSIBLE,MLCC020,588.78,126,0,126,0,0,0,5,0,0,0,0,5,4.67,178.45,0,178.45,0,0,0,52.62,0,0,0,0,52.62,4.49,2022-01-12
절단 대공정(MF),MF 확장 마운터기,E2101496,MFS12 - MF 확장 마운터기,POSSIBLE,MLCC020,775.88,154,0,154,0,0,0,6,0,0,0,1,7,5.04,245.63,0,245.63,0,0,0,56.4,0,0,0,3,59.4,4.82,2022-01-13
절단 대공정(MF),MF 확장 마운터기,E2101496,MFS12 - MF 확장 마운터기,POSSIBLE,MLCC020,629.22,221,0,221,0,0,0,12,0,0,0,1,13,2.85,377.45,0,377.45,0,0,0,140.13,0,0,0,3,143.13,2.69,2022-01-14
절단 대공정(MF),MF 확장 마운터기,E2101496,MFS12 - MF 확장 마운터기,POSSIBLE,MLCC020,354.12,114,0,114,0,0,0,5,0,0,0,0,5,3.11,181.17,0,181.17,0,0,0,28.88,0,0,0,0,28.88,2.98,2022-01-15
절단 대공정(MF),MF 확장 마운터기,E2101496,MFS12 - MF 확장 마운터기,POSSIBLE,MLCC020,0,0,0,0,0,0,0,0,0,0,0,0,0,0,0,0,0,0,0,0,0,0,0,0,0,0,0,2022-01-16
절단 대공정(MF),MF 확장 마운터기,E2101496,MFS12 - MF 확장 마운터기,POSSIBLE,MLCC020,370.33,24,0,24,0,0,0,2,0,0,0,0,2,15.43,60.92,0,60.92,0,0,0,12.53,0,0,0,0,12.53,14.24,2022-01-17
절단 대공정(MF),MF 확장 마운터기,E2101496,MFS12 - MF 확장 마운터기,POSSIBLE,MLCC020,1137.67,75,0,75,0,0,0,11,0,0,0,0,11,15.17,111.3,0,111.3,0,0,0,97.72,0,0,0,0,97.72,13.23,2022-01-18
절단 대공정(MF),MF 확장 마운터기,E2101496,MFS12 - MF 확장 마운터기,POSSIBLE,MLCC020,870.83,66,0,66,0,0,0,12,0,0,0,0,12,13.19,137.12,0,137.12,0,0,0,88.87,0,0,0,0,88.87,11.16,2022-01-19
절단 대공정(MF),MF 확장 마운터기,E2101496,MFS12 - MF 확장 마운터기,POSSIBLE,MLCC020,1224.97,61,0,61,0,0,0,10,0,0,0,0,10,20.08,101.48,0,101.48,0,0,0,56.63,0,0,0,0,56.63,17.25,2022-01-20
절단 대공정(MF),MF 확장 마운터기,E2101496,MFS12 - MF 확장 마운터기,POSSIBLE,MLCC020,1249.77,85,0,85,0,0,0,6,0,0,0,0,6,14.7,107.2,0,107.2,0,0,0,27.92,0,0,0,0,27.92,13.73,2022-01-21
절단 대공정(MF),MF 확장 마운터기,E2101496,MFS12 - MF 확장 마운터기,POSSIBLE,MLCC020,1249.78,33,0,33,0,0,0,9,0,0,0,0,9,37.87,52.85,0,52.85,0,0,0,92.88,0,0,0,0,92.88,29.76,2022-01-22
절단 대공정(MF),MF 확장 마운터기,E2101496,MFS12 - MF 확장 마운터기,POSSIBLE,MLCC020,1248.93,85,0,85,0,0,0,9,0,0,0,0,9,14.69,114.18,0,114.18,0,0,0,41.47,0,0,0,0,41.47,13.29,2022-01-23
절단 대공정(MF),MF 확장 마운터기,E2101497,MFS13 - MF 확장 마운터기,POSSIBLE,MLCC020,1174.98,148,0,148,0,0,0,6,0,0,0,0,6,7.94,150.2,0,150.2,0,0,0,51.67,0,0,0,0,51.67,7.63,2022-01-01
절단 대공정(MF),MF 확장 마운터기,E2101497,MFS13 - MF 확장 마운터기,POSSIBLE,MLCC020,1216.42,156,0,156,0,0,0,7,0,0,0,0,7,7.8,131.83,0,131.83,0,0,0,30.47,0,0,0,0,30.47,7.46,2022-01-02
절단 대공정(MF),MF 확장 마운터기,E2101497,MFS13 - MF 확장 마운터기,POSSIBLE,MLCC020,1140.78,168,1,169,0,0,0,8,0,0,0,0,8,6.75,167.28,3.5,170.78,0,0,0,44.62,0,0,0,0,44.62,6.45,2022-01-03
절단 대공정(MF),MF 확장 마운터기,E2101497,MFS13 - MF 확장 마운터기,POSSIBLE,MLCC020,897.73,213,3,216,0,0,0,11,0,0,0,1,12,4.16,211.45,27.27,238.72,0,0,0,154,0,0,0,3.03,157.03,3.94,2022-01-04
절단 대공정(MF),MF 확장 마운터기,E2101497,MFS13 - MF 확장 마운터기,POSSIBLE,MLCC020,574.63,314,0,314,0,0,0,6,0,0,0,1,7,1.83,442.53,0,442.53,0,0,0,57.62,0,0,0,3.02,60.63,1.79,2022-01-05
절단 대공정(MF),MF 확장 마운터기,E2101497,MFS13 - MF 확장 마운터기,POSSIBLE,MLCC020,1166.03,137,0,137,0,0,0,6,0,0,0,1,7,8.51,136.8,0,136.8,0,0,0,23.7,0,0,0,3,26.7,8.1,2022-01-06
절단 대공정(MF),MF 확장 마운터기,E2101497,MFS13 - MF 확장 마운터기,POSSIBLE,MLCC020,1198.52,102,0,102,0,0,0,6,0,0,0,0,6,11.75,132.65,0,132.65,0,0,0,26.52,0,0,0,0,26.52,11.1,2022-01-07
절단 대공정(MF),MF 확장 마운터기,E2101497,MFS13 - MF 확장 마운터기,POSSIBLE,MLCC020,1208.45,106,0,106,0,0,0,9,0,0,0,0,9,11.4,129.08,0,129.08,0,0,0,41.12,0,0,0,0,41.12,10.51,2022-01-08
절단 대공정(MF),MF 확장 마운터기,E2101497,MFS13 - MF 확장 마운터기,POSSIBLE,MLCC020,470.28,55,0,55,0,0,0,6,0,0,0,0,6,8.55,44.23,0,44.23,0,0,0,323.93,0,0,0,0,323.93,7.71,2022-01-09
절단 대공정(MF),MF 확장 마운터기,E2101497,MFS13 - MF 확장 마운터기,POSSIBLE,MLCC020,996.88,113,0,113,0,0,0,8,0,0,0,0,8,8.82,357.13,0,357.13,0,0,0,50.32,0,0,0,0,50.32,8.24,2022-01-10
절단 대공정(MF),MF 확장 마운터기,E2101497,MFS13 - MF 확장 마운터기,POSSIBLE,MLCC020,928.93,195,0,195,0,0,0,11,0,0,0,0,11,4.76,198.37,0,198.37,0,0,0,106.1,0,0,0,0,106.1,4.51,2022-01-11
절단 대공정(MF),MF 확장 마운터기,E2101497,MFS13 - MF 확장 마운터기,POSSIBLE,MLCC020,542.58,154,0,154,0,0,0,6,0,0,0,0,6,3.52,156.48,0,156.48,0,0,0,60.38,0,0,0,0,60.38,3.39,2022-01-12
절단 대공정(MF),MF 확장 마운터기,E2101497,MFS13 - MF 확장 마운터기,POSSIBLE,MLCC020,961,113,0,113,0,0,0,17,0,0,0,0,17,8.5,124.97,0,124.97,0,0,0,119.48,0,0,0,0,119.48,7.39,2022-01-13
절단 대공정(MF),MF 확장 마운터기,E2101497,MFS13 - MF 확장 마운터기,POSSIBLE,MLCC020,785.18,82,0,82,0,0,0,16,0,0,0,0,16,9.58,147.52,0,147.52,0,0,0,149.07,0,0,0,0,149.07,8.01,2022-01-14
절단 대공정(MF),MF 확장 마운터기,E2101497,MFS13 - MF 확장 마운터기,POSSIBLE,MLCC020,1164.72,175,0,175,0,0,0,11,0,0,0,0,11,6.66,132.87,0,132.87,0,0,0,84.1,0,0,0,0,84.1,6.26,2022-01-15
절단 대공정(MF),MF 확장 마운터기,E2101497,MFS13 - MF 확장 마운터기,POSSIBLE,MLCC020,1206.97,143,0,143,0,0,0,10,0,0,0,0,10,8.44,132.65,0,132.65,0,0,0,55.78,0,0,0,0,55.78,7.89,2022-01-16
절단 대공정(MF),MF 확장 마운터기,E2101497,MFS13 - MF 확장 마운터기,POSSIBLE,MLCC020,1166.2,89,0,89,0,0,0,10,0,0,0,0,10,13.1,130.65,0,130.65,0,0,0,91.27,0,0,0,0,91.27,11.78,2022-01-17
절단 대공정(MF),MF 확장 마운터기,E2101497,MFS13 - MF 확장 마운터기,POSSIBLE,MLCC020,1056.2,128,0,128,0,0,0,9,0,0,0,0,9,8.25,210.12,0,210.12,0,0,0,71.85,0,0,0,0,71.85,7.71,2022-01-18
절단 대공정(MF),MF 확장 마운터기,E2101497,MFS13 - MF 확장 마운터기,POSSIBLE,MLCC020,946.88,153,0,153,0,0,0,9,0,0,0,0,9,6.19,327.1,0,327.1,0,0,0,52.3,0,0,0,0,52.3,5.84,2022-01-19
절단 대공정(MF),MF 확장 마운터기,E2101497,MFS13 - MF 확장 마운터기,POSSIBLE,MLCC020,1067.48,117,0,117,4,0,0,8,0,0,0,0,12,9.12,138.25,0,138.25,114.67,0,0,27.87,0,0,0,0,142.53,8.28,2022-01-20
절단 대공정(MF),MF 확장 마운터기,E2101497,MFS13 - MF 확장 마운터기,POSSIBLE,MLCC020,1214.63,114,0,114,0,0,0,6,0,0,0,0,6,10.65,145.83,0,145.83,0,0,0,23.47,0,0,0,0,23.47,10.12,2022-01-21
절단 대공정(MF),MF 확장 마운터기,E2101497,MFS13 - MF 확장 마운터기,POSSIBLE,MLCC020,1014.2,195,0,195,0,0,0,6,0,0,0,0,6,5.2,305.75,0,305.75,0,0,0,47.88,0,0,0,0,47.88,5.05,2022-01-22
절단 대공정(MF),MF 확장 마운터기,E2101497,MFS13 - MF 확장 마운터기,POSSIBLE,MLCC020,1201.07,154,0,154,0,0,0,10,0,0,0,0,10,7.8,174.97,0,174.97,0,0,0,38.25,0,0,0,0,38.25,7.32,2022-01-23
절단 대공정(MF),MF 확장 마운터기,E2101498,MFS14 - MF 확장 마운터기,POSSIBLE,MLCC020,1270.32,75,0,75,0,0,0,8,0,0,0,1,9,16.94,84.73,0,84.73,0,0,0,43.12,0,0,0,3.02,46.13,15.12,2022-01-01
절단 대공정(MF),MF 확장 마운터기,E2101498,MFS14 - MF 확장 마운터기,POSSIBLE,MLCC020,1239.28,77,0,77,0,0,0,10,0,0,0,0,10,16.09,81.22,0,81.22,0,0,0,66.92,0,0,0,0,66.92,14.24,2022-01-02
절단 대공정(MF),MF 확장 마운터기,E2101498,MFS14 - MF 확장 마운터기,POSSIBLE,MLCC020,1230.83,60,0,60,0,0,0,8,0,0,0,0,8,20.51,82.43,0,82.43,0,0,0,67.35,0,0,0,0,67.35,18.1,2022-01-03
절단 대공정(MF),MF 확장 마운터기,E2101498,MFS14 - MF 확장 마운터기,POSSIBLE,MLCC020,1145.97,99,0,99,0,0,0,5,0,0,0,0,5,11.58,194.78,0,194.78,0,0,0,29.92,0,0,0,0,29.92,11.02,2022-01-04
절단 대공정(MF),MF 확장 마운터기,E2101498,MFS14 - MF 확장 마운터기,POSSIBLE,MLCC020,1050.6,149,0,149,0,0,1,10,0,0,0,0,11,7.05,259.05,0,259.05,0,0,4.67,83.28,0,0,0,0,87.95,6.57,2022-01-05
절단 대공정(MF),MF 확장 마운터기,E2101498,MFS14 - MF 확장 마운터기,POSSIBLE,MLCC020,1228.25,75,0,75,0,0,0,7,0,0,0,0,7,16.38,79.03,0,79.03,0,0,0,47.22,0,0,0,0,47.22,14.98,2022-01-06
절단 대공정(MF),MF 확장 마운터기,E2101498,MFS14 - MF 확장 마운터기,POSSIBLE,MLCC020,1196.77,113,0,113,0,0,0,6,0,0,0,0,6,10.59,118.58,0,118.58,0,0,0,28.12,0,0,0,0,28.12,10.06,2022-01-07
절단 대공정(MF),MF 확장 마운터기,E2101498,MFS14 - MF 확장 마운터기,POSSIBLE,MLCC020,1260.98,58,0,58,0,0,0,11,0,0,0,0,11,21.74,64.17,0,64.17,0,0,0,48.4,0,0,0,0,48.4,18.28,2022-01-08
절단 대공정(MF),MF 확장 마운터기,E2101498,MFS14 - MF 확장 마운터기,POSSIBLE,MLCC020,1226.62,79,0,79,0,0,0,10,0,0,0,0,10,15.53,83.13,0,83.13,0,0,0,76.45,0,0,0,0,76.45,13.78,2022-01-09
절단 대공정(MF),MF 확장 마운터기,E2101498,MFS14 - MF 확장 마운터기,POSSIBLE,MLCC020,329.72,20,0,20,0,0,0,1,0,0,0,0,1,16.49,18.37,0,18.37,0,0,0,3.93,0,0,0,0,3.93,15.7,2022-01-10
절단 대공정(MF),MF 확장 마운터기,E2101498,MFS14 - MF 확장 마운터기,POSSIBLE,MLCC020,52.93,5,0,5,0,0,0,0,0,0,0,0,0,10.59,2.07,0,2.07,0,0,0,0,0,0,0,0,0,10.59,2022-01-11
절단 대공정(MF),MF 확장 마운터기,E2101498,MFS14 - MF 확장 마운터기,POSSIBLE,MLCC020,701.43,86,0,86,0,0,0,7,0,0,0,0,7,8.16,116.42,0,116.42,0,0,0,93.03,0,0,0,0,93.03,7.54,2022-01-12
절단 대공정(MF),MF 확장 마운터기,E2101498,MFS14 - MF 확장 마운터기,POSSIBLE,MLCC020,1149.5,73,0,73,0,0,0,9,0,0,0,0,9,15.75,143.67,0,143.67,0,0,0,85.13,0,0,0,0,85.13,14.02,2022-01-13
절단 대공정(MF),MF 확장 마운터기,E2101498,MFS14 - MF 확장 마운터기,POSSIBLE,MLCC020,771.02,100,0,100,0,0,0,16,0,0,0,0,16,7.71,244.7,0,244.7,0,0,0,129.5,0,0,0,0,129.5,6.65,2022-01-14
절단 대공정(MF),MF 확장 마운터기,E2101498,MFS14 - MF 확장 마운터기,POSSIBLE,MLCC020,1130.65,128,0,128,1,0,0,13,0,0,0,0,14,8.83,117.6,0,117.6,4.28,0,0,84.68,0,0,0,0,88.97,7.96,2022-01-15
절단 대공정(MF),MF 확장 마운터기,E2101498,MFS14 - MF 확장 마운터기,POSSIBLE,MLCC020,1326.3,37,0,37,0,0,0,10,0,0,0,0,10,35.85,39.85,0,39.85,0,0,0,48.12,0,0,0,0,48.12,28.22,2022-01-16
절단 대공정(MF),MF 확장 마운터기,E2101498,MFS14 - MF 확장 마운터기,POSSIBLE,MLCC020,763.62,158,2,160,0,0,0,9,0,0,0,0,9,4.77,222.98,44.45,267.43,0,0,0,51.37,0,0,0,0,51.37,4.52,2022-01-17
절단 대공정(MF),MF 확장 마운터기,E2101498,MFS14 - MF 확장 마운터기,POSSIBLE,MLCC020,1152.65,44,0,44,0,0,0,12,0,0,0,0,12,26.2,101.45,0,101.45,0,0,0,97.43,0,0,0,0,97.43,20.58,2022-01-18
절단 대공정(MF),MF 확장 마운터기,E2101498,MFS14 - MF 확장 마운터기,POSSIBLE,MLCC020,1228.77,39,0,39,0,0,0,10,0,0,0,0,10,31.51,50.42,0,50.42,0,0,0,70.23,0,0,0,0,70.23,25.08,2022-01-19
절단 대공정(MF),MF 확장 마운터기,E2101498,MFS14 - MF 확장 마운터기,POSSIBLE,MLCC020,1207.28,125,0,125,0,0,0,9,0,0,0,0,9,9.66,122.62,0,122.62,0,0,0,33.43,0,0,0,0,33.43,9.01,2022-01-20
절단 대공정(MF),MF 확장 마운터기,E2101498,MFS14 - MF 확장 마운터기,POSSIBLE,MLCC020,1264.93,99,0,99,0,0,0,8,0,0,0,0,8,12.78,72.43,0,72.43,0,0,0,43.77,0,0,0,0,43.77,11.82,2022-01-21
절단 대공정(MF),MF 확장 마운터기,E2101498,MFS14 - MF 확장 마운터기,POSSIBLE,MLCC020,1119.07,123,0,123,0,0,0,7,0,0,0,0,7,9.1,220.27,0,220.27,0,0,0,44.35,0,0,0,0,44.35,8.61,2022-01-22
절단 대공정(MF),MF 확장 마운터기,E2101498,MFS14 - MF 확장 마운터기,POSSIBLE,MLCC020,1335.4,59,0,59,0,0,0,8,0,0,0,0,8,22.63,54.23,0,54.23,0,0,0,26.62,0,0,0,0,26.62,19.93,2022-01-23
